{"evidence": 33.62946624782667, "firms": 30.496524779131228, "firm": 30.393301832465042, "labor": 27.567183747590303, "trade": 24.650466116348074, "productivity": 22.162917884420885, "market": 21.491359407315525, "business": 21.040968829719176, "manufacturing": 20.219883350484988, "data": 19.840172107241624, "essays": 19.225015282343353, "growth": 18.394172965461365, "effects": 17.740763610702274, "employment": 16.621260662000985, "entrepreneurship": 16.150342955135535, "innovation": 15.957377443478858, "new": 15.859591852013848, "plant": 15.442166917353392, "level": 15.152275980807605, "industry": 14.652511495156414, "impact": 14.633955332098688, "capital": 14.59392230698886, "income": 14.53996001411815, "economic": 14.436143467363761, "local": 13.73657759561035, "international": 13.487384117834612, "states": 12.618156609433553, "performance": 12.56552937459961, "energy": 12.05460370293929, "labor market": 12.048969506273894, "dynamics": 11.881377796551543, "concentration": 11.735133718551264, "united": 11.469508697096641, "united states": 11.469508697096641, "earnings": 11.206304394581911, "international trade": 10.850022443813076, "census": 10.503772319428544, "employer": 10.399374395741425, "role": 10.064976684878783, "inequality": 10.050144029583905, "industrial": 9.98658244564145, "employee": 9.894546095485909, "quality": 9.658226459772509, "social": 9.528380698786064, "health": 9.497874903812392, "spillovers": 9.38840650207102, "using": 9.365527557039378, "production": 9.30361832663164, "analysis": 9.27250204182066, "efficiency": 9.260600030197985, "housing": 9.155319661390633, "policy": 9.086152113510412, "technology": 8.910284915680238, "size": 8.892664752241457, "environmental": 8.878156529475309, "insurance": 8.846904982881249, "demand": 8.807919165770436, "does": 8.747999983612388, "shocks": 8.734113177105318, "wage": 8.639874493320244, "survey": 8.521526689899156, "migration": 8.304079398862285, "mobility": 8.254839893303863, "reallocation": 8.178805699545823, "investment": 8.171417456827367, "product": 8.153074500738212, "urban": 8.138236804810958, "public": 7.955653921397403, "long": 7.876528193885796, "competition": 7.759251045482671, "markets": 7.755101906506409, "costs": 7.6724870208496325, "credit": 7.627854446931504, "effect": 7.612576152941664, "job": 7.534818201871895, "spatial": 7.486109038576027, "power": 7.445596099526737, "bankruptcy": 7.436553135014531, "plants": 7.3148719250926595, "immigrant": 7.296724366296941, "plant level": 7.150069430190324, "change": 7.1217088700493925, "value": 7.102589957905663, "workers": 7.0653058032021905, "corporate": 7.058105054676703, "small": 7.0322459501185595, "segregation": 7.006396368321426, "establishment": 6.937979153186166, "global": 6.892316543877206, "human": 6.839441673985867, "offshoring": 6.83305118359414, "decline": 6.7789033733455675, "outcomes": 6.7774333828625455, "regulation": 6.773034408267903, "based": 6.7640731585285145, "immigration": 6.668458260004615, "human capital": 6.619544890641006, "entry": 6.617646761464309, "development": 6.583559611936583, "impacts": 6.426563242601053}